cols,importance,model_name,model_target
order_weekend,0.3022794106964443,tree,y_weekday
order_weekday,0.2876995930900696,tree,y_weekday
order,0.04903787760069255,tree,y_weekday
order_fin,0.043226138766768424,tree,y_weekday
order_delivery,0.039300780004590787,tree,y_weekday
order_time_11,0.02824937737571775,tree,y_weekday
delta_avg,0.026352091476004348,tree,y_weekday
order_time_20,0.022537901537738325,tree,y_weekday
order_time_19,0.022415049603019273,tree,y_weekday
order_time_16,0.019354747414153554,tree,y_weekday
order_takeout,0.01933581037882396,tree,y_weekday
order_time_21,0.01917721765822261,tree,y_weekday
order_time_17,0.01829544331043747,tree,y_weekday
order_time_13,0.01762422594102158,tree,y_weekday
order_time_12,0.017284064621182847,tree,y_weekday
order_time_14,0.01651051156417419,tree,y_weekday
order_cancel,0.015833869768081186,tree,y_weekday
order_time_15,0.010191897403750894,tree,y_weekday
order_time_18,0.009466566708604806,tree,y_weekday
store_入間店,0.0051054894589576925,tree,y_weekday
store_取手店,0.0018051117640927187,tree,y_weekday
store_市原店,0.001789317036156908,tree,y_weekday
store_江東店,0.001468157568128746,tree,y_weekday
store_金沢店,0.0013763977201206997,tree,y_weekday
store_平塚店,0.0013763977201206997,tree,y_weekday
store_伊勢原店,0.0010245984800407826,tree,y_weekday
store_小田原店,0.0007136877067292516,tree,y_weekday
store_富里店,0.0005843413206482553,tree,y_weekday
store_狭山店,0.0005839263055057484,tree,y_weekday
store_栃木店,0.0,tree,y_weekday
store_松戸店,0.0,tree,y_weekday
store_港南店,0.0,tree,y_weekday
store_瀬谷店,0.0,tree,y_weekday
store_熊谷店,0.0,tree,y_weekday
store_東松山店,0.0,tree,y_weekday
store_狛江店,0.0,tree,y_weekday
store_王子店,0.0,tree,y_weekday
store_町田店,0.0,tree,y_weekday
store_白井店,0.0,tree,y_weekday
store_目黒店,0.0,tree,y_weekday
store_相模原店,0.0,tree,y_weekday
store_石神井店,0.0,tree,y_weekday
store_磯子店,0.0,tree,y_weekday
store_神奈川店,0.0,tree,y_weekday
store_神田店,0.0,tree,y_weekday
store_福生店,0.0,tree,y_weekday
store_港北店,0.0,tree,y_weekday
store_清瀬店,0.0,tree,y_weekday
store_渋谷店,0.0,tree,y_weekday
store_栄店,0.0,tree,y_weekday
store_桐生店,0.0,tree,y_weekday
store_横浜南店,0.0,tree,y_weekday
store_横浜緑店,0.0,tree,y_weekday
store_横須賀店,0.0,tree,y_weekday
store_武蔵村山店,0.0,tree,y_weekday
store_柏店,0.0,tree,y_weekday
store_武蔵野店,0.0,tree,y_weekday
store_水戸店,0.0,tree,y_weekday
store_江戸川店,0.0,tree,y_weekday
store_稲城店,0.0,tree,y_weekday
store_池尻店,0.0,tree,y_weekday
store_池袋店,0.0,tree,y_weekday
store_泉店,0.0,tree,y_weekday
store_流山店,0.0,tree,y_weekday
store_浅草店,0.0,tree,y_weekday
store_板橋店,0.0,tree,y_weekday
store_浦和店,0.0,tree,y_weekday
store_浦安店,0.0,tree,y_weekday
store_海老名店,0.0,tree,y_weekday
store_秦野店,0.0,tree,y_weekday
store_茅ヶ崎店,0.0,tree,y_weekday
store_立川店,0.0,tree,y_weekday
store_綾瀬店,0.0,tree,y_weekday
store_足利店,0.0,tree,y_weekday
store_足柄上店,0.0,tree,y_weekday
store_足立店,0.0,tree,y_weekday
store_逗子店,0.0,tree,y_weekday
store_那珂店,0.0,tree,y_weekday
store_都筑店,0.0,tree,y_weekday
store_銀座店,0.0,tree,y_weekday
store_鎌倉店,0.0,tree,y_weekday
store_青山店,0.0,tree,y_weekday
store_青梅店,0.0,tree,y_weekday
store_青葉店,0.0,tree,y_weekday
store_館林店,0.0,tree,y_weekday
store_駒沢店,0.0,tree,y_weekday
store_駒込店,0.0,tree,y_weekday
store_高円寺店,0.0,tree,y_weekday
store_高島平店,0.0,tree,y_weekday
store_高崎店,0.0,tree,y_weekday
store_高座店,0.0,tree,y_weekday
store_高津店,0.0,tree,y_weekday
store_高田馬場店,0.0,tree,y_weekday
store_鴻巣店,0.0,tree,y_weekday
store_越谷店,0.0,tree,y_weekday
store_赤羽店,0.0,tree,y_weekday
store_赤坂店,0.0,tree,y_weekday
store_草加店,0.0,tree,y_weekday
store_練馬店,0.0,tree,y_weekday
store_羽村店,0.0,tree,y_weekday
store_羽生店,0.0,tree,y_weekday
store_習志野店,0.0,tree,y_weekday
store_自由が丘店,0.0,tree,y_weekday
store_船橋店,0.0,tree,y_weekday
store_若葉店,0.0,tree,y_weekday
store_茂原店,0.0,tree,y_weekday
store_東尾久店,0.0,tree,y_weekday
store_荒川店,0.0,tree,y_weekday
store_谷中店,0.0,tree,y_weekday
store_荻窪店,0.0,tree,y_weekday
store_葛飾店,0.0,tree,y_weekday
store_蒲田店,0.0,tree,y_weekday
store_藤沢店,0.0,tree,y_weekday
store_行田店,0.0,tree,y_weekday
store_西多摩店,0.0,tree,y_weekday
store_西東京店,0.0,tree,y_weekday
store_西葛西店,0.0,tree,y_weekday
store_調布店,0.0,tree,y_weekday
store_東村山店,0.0,tree,y_weekday
store_日本橋店,0.0,tree,y_weekday
store_東大和店,0.0,tree,y_weekday
store_厚木店,0.0,tree,y_weekday
store_八潮店,0.0,tree,y_weekday
store_八王子店,0.0,tree,y_weekday
store_六本木店,0.0,tree,y_weekday
store_前橋店,0.0,tree,y_weekday
store_北千住店,0.0,tree,y_weekday
store_千葉中央店,0.0,tree,y_weekday
store_千葉緑店,0.0,tree,y_weekday
store_南砂店,0.0,tree,y_weekday
store_南足柄店,0.0,tree,y_weekday
store_向島店,0.0,tree,y_weekday
store_大井店,0.0,tree,y_weekday
store_君津店,0.0,tree,y_weekday
store_和光店,0.0,tree,y_weekday
store_品川店,0.0,tree,y_weekday
store_四街道店,0.0,tree,y_weekday
store_国分寺店,0.0,tree,y_weekday
store_国立店,0.0,tree,y_weekday
store_坂戸店,0.0,tree,y_weekday
store_墨田店,0.0,tree,y_weekday
store_多摩店,0.0,tree,y_weekday
store_八千代店,0.0,tree,y_weekday
store_保土ケ谷店,0.0,tree,y_weekday
store_佐野店,0.0,tree,y_weekday
store_佐倉店,0.0,tree,y_weekday
store_あきる野店,0.0,tree,y_weekday
store_さいたま南店,0.0,tree,y_weekday
store_さいたま緑店,0.0,tree,y_weekday
store_さいたま西店,0.0,tree,y_weekday
store_つくば店,0.0,tree,y_weekday
store_三浦店,0.0,tree,y_weekday
store_三鷹店,0.0,tree,y_weekday
store_上尾店,0.0,tree,y_weekday
store_上野店,0.0,tree,y_weekday
store_世田谷店,0.0,tree,y_weekday
store_中原店,0.0,tree,y_weekday
store_中店,0.0,tree,y_weekday
store_中野店,0.0,tree,y_weekday
store_久喜店,0.0,tree,y_weekday
store_九段店,0.0,tree,y_weekday
store_亀有店,0.0,tree,y_weekday
store_五反田店,0.0,tree,y_weekday
store_代々木店,0.0,tree,y_weekday
store_伊勢崎店,0.0,tree,y_weekday
store_大久保店,0.0,tree,y_weekday
store_大和店,0.0,tree,y_weekday
store_東久留米店,0.0,tree,y_weekday
store_新座店,0.0,tree,y_weekday
store_恵比寿店,0.0,tree,y_weekday
store_愛甲店,0.0,tree,y_weekday
store_成城店,0.0,tree,y_weekday
store_成田店,0.0,tree,y_weekday
store_我孫子店,0.0,tree,y_weekday
store_戸塚店,0.0,tree,y_weekday
store_戸田店,0.0,tree,y_weekday
store_所沢店,0.0,tree,y_weekday
store_新宿店,0.0,tree,y_weekday
store_日立店,0.0,tree,y_weekday
store_大塚店,0.0,tree,y_weekday
store_日野店,0.0,tree,y_weekday
store_旭店,0.0,tree,y_weekday
store_春日部店,0.0,tree,y_weekday
store_昭島店,0.0,tree,y_weekday
store_木更津店,0.0,tree,y_weekday
store_本庄店,0.0,tree,y_weekday
store_本郷店,0.0,tree,y_weekday
store_杉並店,0.0,tree,y_weekday
store_東中野店,0.0,tree,y_weekday
store_志木店,0.0,tree,y_weekday
store_座間店,0.0,tree,y_weekday
store_府中店,0.0,tree,y_weekday
store_幸店,0.0,tree,y_weekday
store_大宮店,0.0,tree,y_weekday
store_大森店,0.0,tree,y_weekday
store_大泉店,0.0,tree,y_weekday
store_大田店,0.0,tree,y_weekday
store_太田店,0.0,tree,y_weekday
store_宇都宮店,0.0,tree,y_weekday
store_守谷店,0.0,tree,y_weekday
store_宮前店,0.0,tree,y_weekday
store_富岡店,0.0,tree,y_weekday
store_富津店,0.0,tree,y_weekday
store_小山店,0.0,tree,y_weekday
store_小平店,0.0,tree,y_weekday
store_小金井店,0.0,tree,y_weekday
store_川口店,0.0,tree,y_weekday
store_川崎多摩店,0.0,tree,y_weekday
store_川崎店,0.0,tree,y_weekday
store_川越店,0.0,tree,y_weekday
store_巣鴨店,0.0,tree,y_weekday
store_市川店,0.0,tree,y_weekday
store_鶴見店,0.0,tree,y_weekday
order_weekend,0.16664923617302344,RandomFores,y_weekday
order_weekday,0.10139857796452004,RandomFores,y_weekday
order,0.05403259860407131,RandomFores,y_weekday
order_delivery,0.04763608548065662,RandomFores,y_weekday
order_fin,0.046142821213321944,RandomFores,y_weekday
order_takeout,0.04025463824350374,RandomFores,y_weekday
delta_avg,0.03797897464416987,RandomFores,y_weekday
order_cancel,0.03619112774515117,RandomFores,y_weekday
order_time_15,0.03583605530649541,RandomFores,y_weekday
order_time_19,0.035576596921380585,RandomFores,y_weekday
order_time_12,0.035398972104409204,RandomFores,y_weekday
order_time_16,0.03515690856949026,RandomFores,y_weekday
order_time_18,0.03449384212548935,RandomFores,y_weekday
order_time_17,0.03428491609058495,RandomFores,y_weekday
order_time_11,0.034154145275954784,RandomFores,y_weekday
order_time_14,0.034045486550742445,RandomFores,y_weekday
order_time_20,0.03392206216150197,RandomFores,y_weekday
order_time_21,0.03384471582944934,RandomFores,y_weekday
order_time_13,0.032750324712268596,RandomFores,y_weekday
store_佐倉店,0.0011102159471624755,RandomFores,y_weekday
store_八千代店,0.0010095799747933307,RandomFores,y_weekday
store_大久保店,0.0007937143442403334,RandomFores,y_weekday
store_立川店,0.0007920542810878983,RandomFores,y_weekday
store_杉並店,0.0007875613145740995,RandomFores,y_weekday
store_葛飾店,0.000750665419352772,RandomFores,y_weekday
store_熊谷店,0.0007474035479904939,RandomFores,y_weekday
store_木更津店,0.000718834029099929,RandomFores,y_weekday
store_羽生店,0.0007178473369293663,RandomFores,y_weekday
store_港北店,0.0007152854743778371,RandomFores,y_weekday
store_八王子店,0.0007140320555832579,RandomFores,y_weekday
store_成城店,0.0007079841293280264,RandomFores,y_weekday
store_和光店,0.0006996398920754862,RandomFores,y_weekday
store_大田店,0.0006761095326215472,RandomFores,y_weekday
store_幸店,0.0006751795813594368,RandomFores,y_weekday
store_君津店,0.0006648031048792446,RandomFores,y_weekday
store_高津店,0.000653424820891777,RandomFores,y_weekday
store_川口店,0.0006465880449687628,RandomFores,y_weekday
store_南砂店,0.0006454743882720633,RandomFores,y_weekday
store_磯子店,0.0006423792607322035,RandomFores,y_weekday
store_前橋店,0.0006311885462110008,RandomFores,y_weekday
store_港南店,0.0006261702475950635,RandomFores,y_weekday
store_清瀬店,0.0006253254776571281,RandomFores,y_weekday
store_さいたま西店,0.0006244468633575334,RandomFores,y_weekday
store_目黒店,0.0006242603384384016,RandomFores,y_weekday
store_神田店,0.0006242195221725157,RandomFores,y_weekday
store_国分寺店,0.0006211363296785086,RandomFores,y_weekday
store_愛甲店,0.0006196173455986933,RandomFores,y_weekday
store_若葉店,0.000618277742924893,RandomFores,y_weekday
store_新宿店,0.0006151500976496036,RandomFores,y_weekday
store_川崎多摩店,0.0006120987631094587,RandomFores,y_weekday
store_横浜南店,0.0006073883632241147,RandomFores,y_weekday
store_佐野店,0.0006063743082141305,RandomFores,y_weekday
store_館林店,0.0006023091600932108,RandomFores,y_weekday
store_つくば店,0.0005900979419650931,RandomFores,y_weekday
store_青梅店,0.0005896035976969524,RandomFores,y_weekday
store_大和店,0.0005818546247187547,RandomFores,y_weekday
store_東中野店,0.0005813854902843416,RandomFores,y_weekday
store_太田店,0.0005762356020943854,RandomFores,y_weekday
store_鶴見店,0.0005728991642531268,RandomFores,y_weekday
store_大泉店,0.0005714575200869082,RandomFores,y_weekday
store_川越店,0.0005708501146210996,RandomFores,y_weekday
store_水戸店,0.0005673409651801787,RandomFores,y_weekday
store_墨田店,0.0005533994498225261,RandomFores,y_weekday
store_武蔵野店,0.0005492565508279597,RandomFores,y_weekday
store_栃木店,0.0005476047342260807,RandomFores,y_weekday
store_富里店,0.0005473851393103728,RandomFores,y_weekday
store_市原店,0.0005462932413709173,RandomFores,y_weekday
store_浦安店,0.0005439448830622212,RandomFores,y_weekday
store_多摩店,0.0005401650697914937,RandomFores,y_weekday
store_羽村店,0.0005394450250599233,RandomFores,y_weekday
store_国立店,0.0005381897609701823,RandomFores,y_weekday
store_恵比寿店,0.0005377482731852559,RandomFores,y_weekday
store_川崎店,0.0005325651034205851,RandomFores,y_weekday
store_伊勢原店,0.0005258274801702577,RandomFores,y_weekday
store_自由が丘店,0.000524947040119439,RandomFores,y_weekday
store_池袋店,0.0005207885457562146,RandomFores,y_weekday
store_千葉緑店,0.0005161259113905462,RandomFores,y_weekday
store_小山店,0.0005159822403713881,RandomFores,y_weekday
store_浦和店,0.0005143035153814348,RandomFores,y_weekday
store_足立店,0.0005134726695277622,RandomFores,y_weekday
store_銀座店,0.0005108084609669656,RandomFores,y_weekday
store_平塚店,0.0005086096144074165,RandomFores,y_weekday
store_鎌倉店,0.0005075374696429875,RandomFores,y_weekday
store_白井店,0.000502748495995902,RandomFores,y_weekday
store_船橋店,0.0005014877707370922,RandomFores,y_weekday
store_東松山店,0.0005002068782028464,RandomFores,y_weekday
store_東尾久店,0.0004994537520775633,RandomFores,y_weekday
store_栄店,0.0004982993739053431,RandomFores,y_weekday
store_三浦店,0.0004973864906667438,RandomFores,y_weekday
store_福生店,0.0004971328200878517,RandomFores,y_weekday
store_江戸川店,0.000497027221906903,RandomFores,y_weekday
store_神奈川店,0.0004961800828844974,RandomFores,y_weekday
store_町田店,0.0004960169413990269,RandomFores,y_weekday
store_日立店,0.0004959307927166381,RandomFores,y_weekday
store_座間店,0.0004953736626239224,RandomFores,y_weekday
store_高島平店,0.0004950332797548809,RandomFores,y_weekday
store_小平店,0.0004931764184753882,RandomFores,y_weekday
store_我孫子店,0.0004919031344576874,RandomFores,y_weekday
store_入間店,0.000491044359656301,RandomFores,y_weekday
store_稲城店,0.0004905892982017577,RandomFores,y_weekday
store_本庄店,0.00048467691270316215,RandomFores,y_weekday
store_戸田店,0.0004845180984333932,RandomFores,y_weekday
store_金沢店,0.0004817877473674708,RandomFores,y_weekday
store_逗子店,0.0004810864833771489,RandomFores,y_weekday
store_渋谷店,0.0004804714474965033,RandomFores,y_weekday
store_小田原店,0.00047898764092347683,RandomFores,y_weekday
store_大森店,0.0004763701297259701,RandomFores,y_weekday
store_西葛西店,0.0004760529062873909,RandomFores,y_weekday
store_取手店,0.00047189572061407997,RandomFores,y_weekday
store_行田店,0.0004679392480220135,RandomFores,y_weekday
store_柏店,0.0004661123475152657,RandomFores,y_weekday
store_府中店,0.000465203742130028,RandomFores,y_weekday
store_浅草店,0.00046333921048546196,RandomFores,y_weekday
store_相模原店,0.0004628073766892711,RandomFores,y_weekday
store_千葉中央店,0.0004627526642036152,RandomFores,y_weekday
store_高円寺店,0.0004613069195663606,RandomFores,y_weekday
store_荻窪店,0.0004607006796249641,RandomFores,y_weekday
store_戸塚店,0.00045987033706982206,RandomFores,y_weekday
store_大塚店,0.0004555208053416083,RandomFores,y_weekday
store_足利店,0.00045063041558910825,RandomFores,y_weekday
store_成田店,0.0004504508356353718,RandomFores,y_weekday
store_保土ケ谷店,0.0004482455867791613,RandomFores,y_weekday
store_九段店,0.00044777685298879065,RandomFores,y_weekday
store_上尾店,0.00044660515582905646,RandomFores,y_weekday
store_青山店,0.0004462066166289697,RandomFores,y_weekday
store_北千住店,0.000443765717956016,RandomFores,y_weekday
store_春日部店,0.0004408490419074965,RandomFores,y_weekday
store_久喜店,0.00044061878638535596,RandomFores,y_weekday
store_練馬店,0.000439799891340789,RandomFores,y_weekday
store_亀有店,0.000438081052168496,RandomFores,y_weekday
store_宇都宮店,0.0004368421106817699,RandomFores,y_weekday
store_中店,0.0004355088234234902,RandomFores,y_weekday
store_向島店,0.0004335049534308836,RandomFores,y_weekday
store_日野店,0.0004330493663881654,RandomFores,y_weekday
store_足柄上店,0.000432524198710475,RandomFores,y_weekday
store_東大和店,0.0004314272784677665,RandomFores,y_weekday
store_青葉店,0.00043130373661281655,RandomFores,y_weekday
store_守谷店,0.0004310956195845354,RandomFores,y_weekday
store_上野店,0.0004291139361253972,RandomFores,y_weekday
store_横浜緑店,0.00042066510741118745,RandomFores,y_weekday
store_高崎店,0.00041856403966397253,RandomFores,y_weekday
store_泉店,0.00041329745609979283,RandomFores,y_weekday
store_さいたま緑店,0.0004110698782613817,RandomFores,y_weekday
store_駒込店,0.00041077069417013736,RandomFores,y_weekday
store_谷中店,0.0004091915633812788,RandomFores,y_weekday
store_五反田店,0.0004091068094941922,RandomFores,y_weekday
store_松戸店,0.0004074121918957824,RandomFores,y_weekday
store_中原店,0.0004073731766440878,RandomFores,y_weekday
store_石神井店,0.0004064004529789381,RandomFores,y_weekday
store_茅ヶ崎店,0.00040623293435330455,RandomFores,y_weekday
store_八潮店,0.00040491418175825594,RandomFores,y_weekday
store_草加店,0.00040198719457079353,RandomFores,y_weekday
store_南足柄店,0.00040131279312577775,RandomFores,y_weekday
store_瀬谷店,0.00039747438191134026,RandomFores,y_weekday
store_越谷店,0.00039688536142044395,RandomFores,y_weekday
store_所沢店,0.00039424350552116227,RandomFores,y_weekday
store_西多摩店,0.00039341148696819204,RandomFores,y_weekday
store_鴻巣店,0.0003926372092636946,RandomFores,y_weekday
store_大宮店,0.00038747290616547087,RandomFores,y_weekday
store_西東京店,0.00038590146891382966,RandomFores,y_weekday
store_狛江店,0.00038439254573405224,RandomFores,y_weekday
store_東村山店,0.0003836373558991065,RandomFores,y_weekday
store_那珂店,0.00037177252078071784,RandomFores,y_weekday
store_市川店,0.0003652057197613076,RandomFores,y_weekday
store_赤坂店,0.00036301095466583595,RandomFores,y_weekday
store_小金井店,0.00036174726213437187,RandomFores,y_weekday
store_坂戸店,0.0003615345472207161,RandomFores,y_weekday
store_志木店,0.000360103303217377,RandomFores,y_weekday
store_伊勢崎店,0.00035809495266296077,RandomFores,y_weekday
store_狭山店,0.00035779366200810255,RandomFores,y_weekday
store_藤沢店,0.00035644967872092083,RandomFores,y_weekday
store_旭店,0.00035525172477138245,RandomFores,y_weekday
store_六本木店,0.0003530699359433349,RandomFores,y_weekday
store_都筑店,0.0003519779530811154,RandomFores,y_weekday
store_さいたま南店,0.0003484272120223038,RandomFores,y_weekday
store_厚木店,0.0003409419141596414,RandomFores,y_weekday
store_習志野店,0.000338300496722497,RandomFores,y_weekday
store_三鷹店,0.0003323689126333662,RandomFores,y_weekday
store_日本橋店,0.0003286950110266028,RandomFores,y_weekday
store_高田馬場店,0.0003283656520819765,RandomFores,y_weekday
store_海老名店,0.00032714598914498856,RandomFores,y_weekday
store_代々木店,0.00032624422411194585,RandomFores,y_weekday
store_赤羽店,0.00032512088473707205,RandomFores,y_weekday
store_江東店,0.0003203461503765948,RandomFores,y_weekday
store_四街道店,0.0003187541182144628,RandomFores,y_weekday
store_駒沢店,0.0003130970010973579,RandomFores,y_weekday
store_巣鴨店,0.0003059161004301713,RandomFores,y_weekday
store_池尻店,0.00030526252431447497,RandomFores,y_weekday
store_世田谷店,0.00030326904981116306,RandomFores,y_weekday
store_板橋店,0.00029833074089386126,RandomFores,y_weekday
store_茂原店,0.00029332749603641845,RandomFores,y_weekday
store_大井店,0.0002908931154469699,RandomFores,y_weekday
store_富津店,0.0002824180951972654,RandomFores,y_weekday
store_昭島店,0.000280019738277392,RandomFores,y_weekday
store_本郷店,0.0002768443184040282,RandomFores,y_weekday
store_あきる野店,0.0002756797114273448,RandomFores,y_weekday
store_秦野店,0.0002737567022014612,RandomFores,y_weekday
store_品川店,0.0002698803852195829,RandomFores,y_weekday
store_王子店,0.0002653437349088029,RandomFores,y_weekday
store_中野店,0.0002555396532551362,RandomFores,y_weekday
store_蒲田店,0.00025245759708791404,RandomFores,y_weekday
store_桐生店,0.0002500252049379189,RandomFores,y_weekday
store_横須賀店,0.00024669852097075704,RandomFores,y_weekday
store_富岡店,0.00024402423999815285,RandomFores,y_weekday
store_調布店,0.00024050956725393035,RandomFores,y_weekday
store_武蔵村山店,0.0002318628650529766,RandomFores,y_weekday
store_高座店,0.00023150629092369898,RandomFores,y_weekday
store_宮前店,0.00022410805323308595,RandomFores,y_weekday
store_荒川店,0.00021661137206534359,RandomFores,y_weekday
store_流山店,0.00020969423236515125,RandomFores,y_weekday
store_東久留米店,0.00018028686959458497,RandomFores,y_weekday
store_新座店,0.00012733792845296638,RandomFores,y_weekday
store_綾瀬店,8.147974526270552e-05,RandomFores,y_weekday
order_weekday,0.4478810243487733,GradientBoosting,y_weekday
order_weekend,0.4229253849187849,GradientBoosting,y_weekday
order,0.021272734633129516,GradientBoosting,y_weekday
order_delivery,0.01642343545445112,GradientBoosting,y_weekday
order_cancel,0.013047803816814762,GradientBoosting,y_weekday
order_time_11,0.010993156097648702,GradientBoosting,y_weekday
order_time_18,0.008023171302071617,GradientBoosting,y_weekday
order_time_16,0.007716425026677634,GradientBoosting,y_weekday
delta_avg,0.006593508902173265,GradientBoosting,y_weekday
order_fin,0.005943007863356504,GradientBoosting,y_weekday
order_time_19,0.005848189758293584,GradientBoosting,y_weekday
order_time_15,0.005460461762579091,GradientBoosting,y_weekday
order_time_13,0.0049452394945132035,GradientBoosting,y_weekday
order_time_21,0.004765987086313362,GradientBoosting,y_weekday
order_time_12,0.004635539217189888,GradientBoosting,y_weekday
order_takeout,0.002635752827730315,GradientBoosting,y_weekday
order_time_17,0.002383650807021036,GradientBoosting,y_weekday
order_time_14,0.0017812101608798549,GradientBoosting,y_weekday
order_time_20,0.0013328775345149955,GradientBoosting,y_weekday
store_流山店,0.0011682277351435456,GradientBoosting,y_weekday
store_石神井店,0.0009082514177089981,GradientBoosting,y_weekday
store_柏店,0.0003615929127165365,GradientBoosting,y_weekday
store_横浜南店,0.00035061282367210327,GradientBoosting,y_weekday
store_中原店,0.0002936316560338569,GradientBoosting,y_weekday
store_伊勢原店,0.0002846514273527207,GradientBoosting,y_weekday
store_浦和店,0.0002835766975426254,GradientBoosting,y_weekday
store_神田店,0.0002818198259586595,GradientBoosting,y_weekday
store_館林店,0.00026597546118737567,GradientBoosting,y_weekday
store_佐倉店,0.00026413646903519024,GradientBoosting,y_weekday
store_大久保店,0.00023741070981315218,GradientBoosting,y_weekday
store_入間店,0.0001511557993854025,GradientBoosting,y_weekday
store_小金井店,0.0001371377149272031,GradientBoosting,y_weekday
store_荻窪店,0.00013488526945297356,GradientBoosting,y_weekday
store_保土ケ谷店,0.0001342113121893762,GradientBoosting,y_weekday
store_高島平店,0.00013397868919749788,GradientBoosting,y_weekday
store_前橋店,1.8306576616350606e-07,GradientBoosting,y_weekday
store_鎌倉店,0.0,GradientBoosting,y_weekday
store_熊谷店,0.0,GradientBoosting,y_weekday
store_浦安店,0.0,GradientBoosting,y_weekday
store_海老名店,0.0,GradientBoosting,y_weekday
store_清瀬店,0.0,GradientBoosting,y_weekday
store_渋谷店,0.0,GradientBoosting,y_weekday
store_港北店,0.0,GradientBoosting,y_weekday
store_港南店,0.0,GradientBoosting,y_weekday
store_瀬谷店,0.0,GradientBoosting,y_weekday
store_狭山店,0.0,GradientBoosting,y_weekday
store_狛江店,0.0,GradientBoosting,y_weekday
store_浅草店,0.0,GradientBoosting,y_weekday
store_王子店,0.0,GradientBoosting,y_weekday
store_町田店,0.0,GradientBoosting,y_weekday
store_白井店,0.0,GradientBoosting,y_weekday
store_目黒店,0.0,GradientBoosting,y_weekday
store_相模原店,0.0,GradientBoosting,y_weekday
store_高円寺店,0.0,GradientBoosting,y_weekday
store_磯子店,0.0,GradientBoosting,y_weekday
store_高崎店,0.0,GradientBoosting,y_weekday
store_高座店,0.0,GradientBoosting,y_weekday
store_駒込店,0.0,GradientBoosting,y_weekday
store_泉店,0.0,GradientBoosting,y_weekday
store_松戸店,0.0,GradientBoosting,y_weekday
store_板橋店,0.0,GradientBoosting,y_weekday
store_鴻巣店,0.0,GradientBoosting,y_weekday
store_栃木店,0.0,GradientBoosting,y_weekday
store_栄店,0.0,GradientBoosting,y_weekday
store_桐生店,0.0,GradientBoosting,y_weekday
store_高田馬場店,0.0,GradientBoosting,y_weekday
store_横浜緑店,0.0,GradientBoosting,y_weekday
store_横須賀店,0.0,GradientBoosting,y_weekday
store_武蔵村山店,0.0,GradientBoosting,y_weekday
store_武蔵野店,0.0,GradientBoosting,y_weekday
store_高津店,0.0,GradientBoosting,y_weekday
store_水戸店,0.0,GradientBoosting,y_weekday
store_江戸川店,0.0,GradientBoosting,y_weekday
store_江東店,0.0,GradientBoosting,y_weekday
store_池尻店,0.0,GradientBoosting,y_weekday
store_池袋店,0.0,GradientBoosting,y_weekday
store_神奈川店,0.0,GradientBoosting,y_weekday
store_福生店,0.0,GradientBoosting,y_weekday
store_銀座店,0.0,GradientBoosting,y_weekday
store_行田店,0.0,GradientBoosting,y_weekday
store_西東京店,0.0,GradientBoosting,y_weekday
store_西葛西店,0.0,GradientBoosting,y_weekday
store_調布店,0.0,GradientBoosting,y_weekday
store_谷中店,0.0,GradientBoosting,y_weekday
store_赤坂店,0.0,GradientBoosting,y_weekday
store_赤羽店,0.0,GradientBoosting,y_weekday
store_越谷店,0.0,GradientBoosting,y_weekday
store_足利店,0.0,GradientBoosting,y_weekday
store_足柄上店,0.0,GradientBoosting,y_weekday
store_足立店,0.0,GradientBoosting,y_weekday
store_青葉店,0.0,GradientBoosting,y_weekday
store_逗子店,0.0,GradientBoosting,y_weekday
store_青梅店,0.0,GradientBoosting,y_weekday
store_那珂店,0.0,GradientBoosting,y_weekday
store_青山店,0.0,GradientBoosting,y_weekday
store_都筑店,0.0,GradientBoosting,y_weekday
store_金沢店,0.0,GradientBoosting,y_weekday
store_西多摩店,0.0,GradientBoosting,y_weekday
store_藤沢店,0.0,GradientBoosting,y_weekday
store_秦野店,0.0,GradientBoosting,y_weekday
store_蒲田店,0.0,GradientBoosting,y_weekday
store_稲城店,0.0,GradientBoosting,y_weekday
store_立川店,0.0,GradientBoosting,y_weekday
store_綾瀬店,0.0,GradientBoosting,y_weekday
store_練馬店,0.0,GradientBoosting,y_weekday
store_羽村店,0.0,GradientBoosting,y_weekday
store_羽生店,0.0,GradientBoosting,y_weekday
store_習志野店,0.0,GradientBoosting,y_weekday
store_自由が丘店,0.0,GradientBoosting,y_weekday
store_船橋店,0.0,GradientBoosting,y_weekday
store_駒沢店,0.0,GradientBoosting,y_weekday
store_若葉店,0.0,GradientBoosting,y_weekday
store_茂原店,0.0,GradientBoosting,y_weekday
store_茅ヶ崎店,0.0,GradientBoosting,y_weekday
store_草加店,0.0,GradientBoosting,y_weekday
store_荒川店,0.0,GradientBoosting,y_weekday
store_東村山店,0.0,GradientBoosting,y_weekday
store_葛飾店,0.0,GradientBoosting,y_weekday
store_東松山店,0.0,GradientBoosting,y_weekday
store_日本橋店,0.0,GradientBoosting,y_weekday
store_東尾久店,0.0,GradientBoosting,y_weekday
store_和光店,0.0,GradientBoosting,y_weekday
store_北千住店,0.0,GradientBoosting,y_weekday
store_千葉中央店,0.0,GradientBoosting,y_weekday
store_千葉緑店,0.0,GradientBoosting,y_weekday
store_南砂店,0.0,GradientBoosting,y_weekday
store_南足柄店,0.0,GradientBoosting,y_weekday
store_厚木店,0.0,GradientBoosting,y_weekday
store_取手店,0.0,GradientBoosting,y_weekday
store_向島店,0.0,GradientBoosting,y_weekday
store_君津店,0.0,GradientBoosting,y_weekday
store_品川店,0.0,GradientBoosting,y_weekday
store_大森店,0.0,GradientBoosting,y_weekday
store_四街道店,0.0,GradientBoosting,y_weekday
store_国分寺店,0.0,GradientBoosting,y_weekday
store_国立店,0.0,GradientBoosting,y_weekday
store_坂戸店,0.0,GradientBoosting,y_weekday
store_墨田店,0.0,GradientBoosting,y_weekday
store_多摩店,0.0,GradientBoosting,y_weekday
store_大井店,0.0,GradientBoosting,y_weekday
store_大和店,0.0,GradientBoosting,y_weekday
store_大塚店,0.0,GradientBoosting,y_weekday
store_六本木店,0.0,GradientBoosting,y_weekday
store_八王子店,0.0,GradientBoosting,y_weekday
store_八潮店,0.0,GradientBoosting,y_weekday
store_八千代店,0.0,GradientBoosting,y_weekday
store_あきる野店,0.0,GradientBoosting,y_weekday
store_さいたま南店,0.0,GradientBoosting,y_weekday
store_さいたま緑店,0.0,GradientBoosting,y_weekday
store_さいたま西店,0.0,GradientBoosting,y_weekday
store_つくば店,0.0,GradientBoosting,y_weekday
store_三浦店,0.0,GradientBoosting,y_weekday
store_三鷹店,0.0,GradientBoosting,y_weekday
store_上尾店,0.0,GradientBoosting,y_weekday
store_上野店,0.0,GradientBoosting,y_weekday
store_世田谷店,0.0,GradientBoosting,y_weekday
store_中店,0.0,GradientBoosting,y_weekday
store_中野店,0.0,GradientBoosting,y_weekday
store_久喜店,0.0,GradientBoosting,y_weekday
store_九段店,0.0,GradientBoosting,y_weekday
store_亀有店,0.0,GradientBoosting,y_weekday
store_五反田店,0.0,GradientBoosting,y_weekday
store_代々木店,0.0,GradientBoosting,y_weekday
store_伊勢崎店,0.0,GradientBoosting,y_weekday
store_佐野店,0.0,GradientBoosting,y_weekday
store_大宮店,0.0,GradientBoosting,y_weekday
store_大泉店,0.0,GradientBoosting,y_weekday
store_東大和店,0.0,GradientBoosting,y_weekday
store_日立店,0.0,GradientBoosting,y_weekday
store_愛甲店,0.0,GradientBoosting,y_weekday
store_成城店,0.0,GradientBoosting,y_weekday
store_成田店,0.0,GradientBoosting,y_weekday
store_我孫子店,0.0,GradientBoosting,y_weekday
store_戸塚店,0.0,GradientBoosting,y_weekday
store_戸田店,0.0,GradientBoosting,y_weekday
store_所沢店,0.0,GradientBoosting,y_weekday
store_新宿店,0.0,GradientBoosting,y_weekday
store_新座店,0.0,GradientBoosting,y_weekday
store_日野店,0.0,GradientBoosting,y_weekday
store_大田店,0.0,GradientBoosting,y_weekday
store_旭店,0.0,GradientBoosting,y_weekday
store_春日部店,0.0,GradientBoosting,y_weekday
store_昭島店,0.0,GradientBoosting,y_weekday
store_木更津店,0.0,GradientBoosting,y_weekday
store_本庄店,0.0,GradientBoosting,y_weekday
store_本郷店,0.0,GradientBoosting,y_weekday
store_杉並店,0.0,GradientBoosting,y_weekday
store_東中野店,0.0,GradientBoosting,y_weekday
store_東久留米店,0.0,GradientBoosting,y_weekday
store_恵比寿店,0.0,GradientBoosting,y_weekday
store_志木店,0.0,GradientBoosting,y_weekday
store_座間店,0.0,GradientBoosting,y_weekday
store_府中店,0.0,GradientBoosting,y_weekday
store_太田店,0.0,GradientBoosting,y_weekday
store_宇都宮店,0.0,GradientBoosting,y_weekday
store_守谷店,0.0,GradientBoosting,y_weekday
store_宮前店,0.0,GradientBoosting,y_weekday
store_富岡店,0.0,GradientBoosting,y_weekday
store_富津店,0.0,GradientBoosting,y_weekday
store_富里店,0.0,GradientBoosting,y_weekday
store_小山店,0.0,GradientBoosting,y_weekday
store_小平店,0.0,GradientBoosting,y_weekday
store_小田原店,0.0,GradientBoosting,y_weekday
store_川口店,0.0,GradientBoosting,y_weekday
store_川崎多摩店,0.0,GradientBoosting,y_weekday
store_川崎店,0.0,GradientBoosting,y_weekday
store_川越店,0.0,GradientBoosting,y_weekday
store_巣鴨店,0.0,GradientBoosting,y_weekday
store_市原店,0.0,GradientBoosting,y_weekday
store_市川店,0.0,GradientBoosting,y_weekday
store_平塚店,0.0,GradientBoosting,y_weekday
store_幸店,0.0,GradientBoosting,y_weekday
store_鶴見店,0.0,GradientBoosting,y_weekday
order_weekend,0.3337835598246669,tree,y_weekend
order_weekday,0.25458388290946815,tree,y_weekend
order_time_11,0.036521723978394656,tree,y_weekend
order,0.035340821723470785,tree,y_weekend
order_cancel,0.028258138612222046,tree,y_weekend
order_fin,0.026500286250546085,tree,y_weekend
order_time_13,0.02619538370711229,tree,y_weekend
delta_avg,0.025051869717096643,tree,y_weekend
order_time_14,0.023643135673156436,tree,y_weekend
order_time_18,0.019853794290372824,tree,y_weekend
order_delivery,0.018856243157608928,tree,y_weekend
order_time_12,0.018634486539491672,tree,y_weekend
order_time_17,0.017690695530566153,tree,y_weekend
order_time_19,0.015648090056484026,tree,y_weekend
order_time_15,0.014624305183541115,tree,y_weekend
order_time_21,0.013955952123213697,tree,y_weekend
order_time_16,0.012358868754628827,tree,y_weekend
order_takeout,0.011690979726448088,tree,y_weekend
order_time_20,0.006308752942640894,tree,y_weekend
store_葛飾店,0.004812936669751698,tree,y_weekend
store_駒沢店,0.0025866043260741097,tree,y_weekend
store_館林店,0.0023950036806729908,tree,y_weekend
store_鴻巣店,0.0020023471796962273,tree,y_weekend
store_高島平店,0.0019718168843777363,tree,y_weekend
store_武蔵野店,0.0018136124994047403,tree,y_weekend
store_大森店,0.001795117033938783,tree,y_weekend
store_大塚店,0.0017688319438638822,tree,y_weekend
store_青葉店,0.0017688319438638822,tree,y_weekend
store_逗子店,0.0017473198496849344,tree,y_weekend
store_足柄上店,0.0017144063455911485,tree,y_weekend
store_東松山店,0.001705659374440173,tree,y_weekend
store_江東店,0.0016885353368606007,tree,y_weekend
store_春日部店,0.0016849526053162403,tree,y_weekend
store_谷中店,0.0016837919465627347,tree,y_weekend
store_狛江店,0.001669876310640729,tree,y_weekend
store_南足柄店,0.0016630129426972934,tree,y_weekend
store_守谷店,0.0016537497792918634,tree,y_weekend
store_千葉中央店,0.0016486544899487325,tree,y_weekend
store_若葉店,0.0016424868050164644,tree,y_weekend
store_川口店,0.0016424868050164644,tree,y_weekend
store_蒲田店,0.0016334912265096118,tree,y_weekend
store_三浦店,0.0015414242867452914,tree,y_weekend
store_木更津店,0.0015292118529463608,tree,y_weekend
store_幸店,0.0014782381245148164,tree,y_weekend
store_目黒店,0.001469491153363841,tree,y_weekend
store_船橋店,0.001445979959537403,tree,y_weekend
store_愛甲店,0.0014346084006247354,tree,y_weekend
store_代々木店,0.0014034511371980747,tree,y_weekend
store_さいたま南店,0.0013776479562786013,tree,y_weekend
store_立川店,0.0012245759611365344,tree,y_weekend
store_入間店,0.0009004235008356848,tree,y_weekend
store_秦野店,0.0008784073064291941,tree,y_weekend
store_旭店,0.0008531293983305204,tree,y_weekend
store_富里店,0.0006818661601782941,tree,y_weekend
store_草加店,0.0005904205526908276,tree,y_weekend
store_戸田店,0.0005748009613498027,tree,y_weekend
store_武蔵村山店,0.0004218266074887346,tree,y_weekend
store_海老名店,0.0,tree,y_weekend
store_横浜南店,0.0,tree,y_weekend
store_相模原店,0.0,tree,y_weekend
store_池袋店,0.0,tree,y_weekend
store_泉店,0.0,tree,y_weekend
store_白井店,0.0,tree,y_weekend
store_流山店,0.0,tree,y_weekend
store_町田店,0.0,tree,y_weekend
store_江戸川店,0.0,tree,y_weekend
store_水戸店,0.0,tree,y_weekend
store_王子店,0.0,tree,y_weekend
store_狭山店,0.0,tree,y_weekend
store_桐生店,0.0,tree,y_weekend
store_浅草店,0.0,tree,y_weekend
store_清瀬店,0.0,tree,y_weekend
store_浦和店,0.0,tree,y_weekend
store_熊谷店,0.0,tree,y_weekend
store_瀬谷店,0.0,tree,y_weekend
store_横浜緑店,0.0,tree,y_weekend
store_港南店,0.0,tree,y_weekend
store_港北店,0.0,tree,y_weekend
store_石神井店,0.0,tree,y_weekend
store_渋谷店,0.0,tree,y_weekend
store_横須賀店,0.0,tree,y_weekend
store_浦安店,0.0,tree,y_weekend
store_池尻店,0.0,tree,y_weekend
store_茅ヶ崎店,0.0,tree,y_weekend
store_磯子店,0.0,tree,y_weekend
store_神奈川店,0.0,tree,y_weekend
store_赤羽店,0.0,tree,y_weekend
store_越谷店,0.0,tree,y_weekend
store_足利店,0.0,tree,y_weekend
store_足立店,0.0,tree,y_weekend
store_那珂店,0.0,tree,y_weekend
store_都筑店,0.0,tree,y_weekend
store_金沢店,0.0,tree,y_weekend
store_銀座店,0.0,tree,y_weekend
store_鎌倉店,0.0,tree,y_weekend
store_青山店,0.0,tree,y_weekend
store_青梅店,0.0,tree,y_weekend
store_駒込店,0.0,tree,y_weekend
store_高円寺店,0.0,tree,y_weekend
store_高崎店,0.0,tree,y_weekend
store_高座店,0.0,tree,y_weekend
store_高津店,0.0,tree,y_weekend
store_高田馬場店,0.0,tree,y_weekend
store_赤坂店,0.0,tree,y_weekend
store_調布店,0.0,tree,y_weekend
store_西葛西店,0.0,tree,y_weekend
store_習志野店,0.0,tree,y_weekend
store_神田店,0.0,tree,y_weekend
store_福生店,0.0,tree,y_weekend
store_稲城店,0.0,tree,y_weekend
store_綾瀬店,0.0,tree,y_weekend
store_練馬店,0.0,tree,y_weekend
store_羽村店,0.0,tree,y_weekend
store_羽生店,0.0,tree,y_weekend
store_自由が丘店,0.0,tree,y_weekend
store_西東京店,0.0,tree,y_weekend
store_茂原店,0.0,tree,y_weekend
store_栃木店,0.0,tree,y_weekend
store_荒川店,0.0,tree,y_weekend
store_荻窪店,0.0,tree,y_weekend
store_藤沢店,0.0,tree,y_weekend
store_行田店,0.0,tree,y_weekend
store_西多摩店,0.0,tree,y_weekend
store_栄店,0.0,tree,y_weekend
store_日本橋店,0.0,tree,y_weekend
store_柏店,0.0,tree,y_weekend
store_板橋店,0.0,tree,y_weekend
store_八王子店,0.0,tree,y_weekend
store_六本木店,0.0,tree,y_weekend
store_前橋店,0.0,tree,y_weekend
store_北千住店,0.0,tree,y_weekend
store_千葉緑店,0.0,tree,y_weekend
store_南砂店,0.0,tree,y_weekend
store_厚木店,0.0,tree,y_weekend
store_取手店,0.0,tree,y_weekend
store_向島店,0.0,tree,y_weekend
store_君津店,0.0,tree,y_weekend
store_和光店,0.0,tree,y_weekend
store_品川店,0.0,tree,y_weekend
store_四街道店,0.0,tree,y_weekend
store_国分寺店,0.0,tree,y_weekend
store_国立店,0.0,tree,y_weekend
store_坂戸店,0.0,tree,y_weekend
store_墨田店,0.0,tree,y_weekend
store_多摩店,0.0,tree,y_weekend
store_大久保店,0.0,tree,y_weekend
store_八潮店,0.0,tree,y_weekend
store_八千代店,0.0,tree,y_weekend
store_保土ケ谷店,0.0,tree,y_weekend
store_中原店,0.0,tree,y_weekend
store_あきる野店,0.0,tree,y_weekend
store_さいたま緑店,0.0,tree,y_weekend
store_さいたま西店,0.0,tree,y_weekend
store_つくば店,0.0,tree,y_weekend
store_三鷹店,0.0,tree,y_weekend
store_上尾店,0.0,tree,y_weekend
store_上野店,0.0,tree,y_weekend
store_世田谷店,0.0,tree,y_weekend
store_中店,0.0,tree,y_weekend
store_佐野店,0.0,tree,y_weekend
store_中野店,0.0,tree,y_weekend
store_久喜店,0.0,tree,y_weekend
store_九段店,0.0,tree,y_weekend
store_亀有店,0.0,tree,y_weekend
store_五反田店,0.0,tree,y_weekend
store_伊勢原店,0.0,tree,y_weekend
store_伊勢崎店,0.0,tree,y_weekend
store_佐倉店,0.0,tree,y_weekend
store_大井店,0.0,tree,y_weekend
store_大和店,0.0,tree,y_weekend
store_大宮店,0.0,tree,y_weekend
store_昭島店,0.0,tree,y_weekend
store_成田店,0.0,tree,y_weekend
store_我孫子店,0.0,tree,y_weekend
store_戸塚店,0.0,tree,y_weekend
store_所沢店,0.0,tree,y_weekend
store_新宿店,0.0,tree,y_weekend
store_新座店,0.0,tree,y_weekend
store_日立店,0.0,tree,y_weekend
store_日野店,0.0,tree,y_weekend
store_本庄店,0.0,tree,y_weekend
store_恵比寿店,0.0,tree,y_weekend
store_本郷店,0.0,tree,y_weekend
store_杉並店,0.0,tree,y_weekend
store_東中野店,0.0,tree,y_weekend
store_東久留米店,0.0,tree,y_weekend
store_東大和店,0.0,tree,y_weekend
store_東尾久店,0.0,tree,y_weekend
store_東村山店,0.0,tree,y_weekend
store_松戸店,0.0,tree,y_weekend
store_成城店,0.0,tree,y_weekend
store_志木店,0.0,tree,y_weekend
store_大泉店,0.0,tree,y_weekend
store_小田原店,0.0,tree,y_weekend
store_大田店,0.0,tree,y_weekend
store_太田店,0.0,tree,y_weekend
store_宇都宮店,0.0,tree,y_weekend
store_宮前店,0.0,tree,y_weekend
store_富岡店,0.0,tree,y_weekend
store_富津店,0.0,tree,y_weekend
store_小山店,0.0,tree,y_weekend
store_小平店,0.0,tree,y_weekend
store_小金井店,0.0,tree,y_weekend
store_座間店,0.0,tree,y_weekend
store_川崎多摩店,0.0,tree,y_weekend
store_川崎店,0.0,tree,y_weekend
store_川越店,0.0,tree,y_weekend
store_巣鴨店,0.0,tree,y_weekend
store_市原店,0.0,tree,y_weekend
store_市川店,0.0,tree,y_weekend
store_平塚店,0.0,tree,y_weekend
store_府中店,0.0,tree,y_weekend
store_鶴見店,0.0,tree,y_weekend
order_weekend,0.18572880561889088,RandomFores,y_weekend
order_weekday,0.09805420588445483,RandomFores,y_weekend
order_delivery,0.04561994473171512,RandomFores,y_weekend
order_fin,0.04540261851629742,RandomFores,y_weekend
order,0.04446071590834533,RandomFores,y_weekend
order_cancel,0.03945594490490922,RandomFores,y_weekend
order_time_11,0.037634699247774565,RandomFores,y_weekend
order_takeout,0.03710077410326592,RandomFores,y_weekend
delta_avg,0.035837169597448995,RandomFores,y_weekend
order_time_14,0.03565019819882303,RandomFores,y_weekend
order_time_18,0.03497345193096235,RandomFores,y_weekend
order_time_12,0.034412284268591005,RandomFores,y_weekend
order_time_21,0.0342974293013667,RandomFores,y_weekend
order_time_19,0.034160548730675803,RandomFores,y_weekend
order_time_20,0.0335952467621623,RandomFores,y_weekend
order_time_13,0.033549906996546745,RandomFores,y_weekend
order_time_15,0.033533750032373744,RandomFores,y_weekend
order_time_16,0.032280028218135755,RandomFores,y_weekend
order_time_17,0.03196049619894686,RandomFores,y_weekend
store_幸店,0.001022877025473792,RandomFores,y_weekend
store_高島平店,0.0010187456543465183,RandomFores,y_weekend
store_さいたま西店,0.0009607518658176844,RandomFores,y_weekend
store_葛飾店,0.0009532998466091051,RandomFores,y_weekend
store_中原店,0.0009408787689680204,RandomFores,y_weekend
store_多摩店,0.0008949665224187126,RandomFores,y_weekend
store_愛甲店,0.0008684560781191206,RandomFores,y_weekend
store_あきる野店,0.0008543897419883737,RandomFores,y_weekend
store_相模原店,0.0008391528250101536,RandomFores,y_weekend
store_熊谷店,0.0008254452204945698,RandomFores,y_weekend
store_墨田店,0.0008203556971519075,RandomFores,y_weekend
store_立川店,0.0007950216061098081,RandomFores,y_weekend
store_浦和店,0.0007888629385061882,RandomFores,y_weekend
store_東中野店,0.0007876673563270329,RandomFores,y_weekend
store_向島店,0.0007712503475783333,RandomFores,y_weekend
store_成城店,0.0007624625855898667,RandomFores,y_weekend
store_目黒店,0.0007577717896321988,RandomFores,y_weekend
store_大森店,0.0007380531791550164,RandomFores,y_weekend
store_江東店,0.0007356394044155788,RandomFores,y_weekend
store_水戸店,0.0007285791697411325,RandomFores,y_weekend
store_府中店,0.0007227566134868623,RandomFores,y_weekend
store_座間店,0.0007195345229964998,RandomFores,y_weekend
store_五反田店,0.0007156850233314693,RandomFores,y_weekend
store_草加店,0.0006857588450027415,RandomFores,y_weekend
store_藤沢店,0.0006839372861466242,RandomFores,y_weekend
store_旭店,0.0006807232608595704,RandomFores,y_weekend
store_久喜店,0.0006695274011812333,RandomFores,y_weekend
store_戸塚店,0.0006599834883299661,RandomFores,y_weekend
store_西東京店,0.0006557980428167661,RandomFores,y_weekend
store_川口店,0.000655325275833623,RandomFores,y_weekend
store_富里店,0.0006544492268756155,RandomFores,y_weekend
store_鴻巣店,0.0006501803651785916,RandomFores,y_weekend
store_武蔵野店,0.0006482809099494859,RandomFores,y_weekend
store_中店,0.000641615031962086,RandomFores,y_weekend
store_那珂店,0.0006342490960062293,RandomFores,y_weekend
store_金沢店,0.0006313779574720397,RandomFores,y_weekend
store_羽生店,0.0006297125834818007,RandomFores,y_weekend
store_大和店,0.0006286739068528735,RandomFores,y_weekend
store_瀬谷店,0.0006172306189877235,RandomFores,y_weekend
store_狛江店,0.0006165261051700457,RandomFores,y_weekend
store_東大和店,0.0006162324968399249,RandomFores,y_weekend
store_逗子店,0.0005988776087770523,RandomFores,y_weekend
store_本庄店,0.0005864607632248794,RandomFores,y_weekend
store_南足柄店,0.0005818022734680155,RandomFores,y_weekend
store_取手店,0.0005785191816094505,RandomFores,y_weekend
store_板橋店,0.0005782725784633229,RandomFores,y_weekend
store_君津店,0.0005772955045536399,RandomFores,y_weekend
store_鶴見店,0.0005766348150366621,RandomFores,y_weekend
store_宇都宮店,0.000572622775114958,RandomFores,y_weekend
store_白井店,0.0005720138477228116,RandomFores,y_weekend
store_習志野店,0.0005684090965449485,RandomFores,y_weekend
store_羽村店,0.0005641102997614666,RandomFores,y_weekend
store_小田原店,0.0005631435124725796,RandomFores,y_weekend
store_足柄上店,0.0005611103302609371,RandomFores,y_weekend
store_自由が丘店,0.0005539858646153539,RandomFores,y_weekend
store_浅草店,0.0005537645312059047,RandomFores,y_weekend
store_代々木店,0.0005531682852996264,RandomFores,y_weekend
store_神田店,0.0005519141495602462,RandomFores,y_weekend
store_守谷店,0.0005506889184895659,RandomFores,y_weekend
store_六本木店,0.0005458006450177737,RandomFores,y_weekend
store_戸田店,0.0005374113484034847,RandomFores,y_weekend
store_高田馬場店,0.0005361476214839077,RandomFores,y_weekend
store_九段店,0.0005338533911384997,RandomFores,y_weekend
store_東村山店,0.000531721201165044,RandomFores,y_weekend
store_平塚店,0.0005269024820584449,RandomFores,y_weekend
store_国立店,0.0005238343405216707,RandomFores,y_weekend
store_八王子店,0.0005233738149824291,RandomFores,y_weekend
store_泉店,0.000518785681458917,RandomFores,y_weekend
store_北千住店,0.0005127466845247753,RandomFores,y_weekend
store_世田谷店,0.0005124337577330679,RandomFores,y_weekend
store_川崎店,0.0005113709055223666,RandomFores,y_weekend
store_狭山店,0.0005112945584733014,RandomFores,y_weekend
store_富津店,0.0005103359849903075,RandomFores,y_weekend
store_川崎多摩店,0.0005083144213860409,RandomFores,y_weekend
store_清瀬店,0.0005070192154707392,RandomFores,y_weekend
store_日本橋店,0.0005009909550086065,RandomFores,y_weekend
store_亀有店,0.0005009814915154744,RandomFores,y_weekend
store_新宿店,0.0004994203678335699,RandomFores,y_weekend
store_千葉中央店,0.0004989373253360804,RandomFores,y_weekend
store_佐倉店,0.0004959853025154806,RandomFores,y_weekend
store_春日部店,0.0004937137132530881,RandomFores,y_weekend
store_駒沢店,0.0004905963916929076,RandomFores,y_weekend
store_八潮店,0.0004850407752550446,RandomFores,y_weekend
store_柏店,0.0004799114112228177,RandomFores,y_weekend
store_大井店,0.00047774377769107753,RandomFores,y_weekend
store_行田店,0.00047714784033266264,RandomFores,y_weekend
store_三浦店,0.0004740262424812278,RandomFores,y_weekend
store_足立店,0.00047316174648889743,RandomFores,y_weekend
store_銀座店,0.00046882829340819614,RandomFores,y_weekend
store_小平店,0.0004594631053178251,RandomFores,y_weekend
store_茅ヶ崎店,0.0004594107363723012,RandomFores,y_weekend
store_大田店,0.00045685389191812953,RandomFores,y_weekend
store_浦安店,0.0004556110034453635,RandomFores,y_weekend
store_福生店,0.00045293669308092927,RandomFores,y_weekend
store_小金井店,0.00045170287238344386,RandomFores,y_weekend
store_大塚店,0.0004510634360877399,RandomFores,y_weekend
store_大久保店,0.0004498590087722493,RandomFores,y_weekend
store_上尾店,0.00044740631084295334,RandomFores,y_weekend
store_町田店,0.0004471145035103875,RandomFores,y_weekend
store_日野店,0.000447029811848356,RandomFores,y_weekend
store_入間店,0.0004415525019932559,RandomFores,y_weekend
store_伊勢原店,0.0004377648181463554,RandomFores,y_weekend
store_青山店,0.00043553900313355166,RandomFores,y_weekend
store_館林店,0.0004300472440374756,RandomFores,y_weekend
store_若葉店,0.00042418674160485875,RandomFores,y_weekend
store_さいたま南店,0.0004231875860902226,RandomFores,y_weekend
store_成田店,0.00042306379371063774,RandomFores,y_weekend
store_巣鴨店,0.0004208095876955955,RandomFores,y_weekend
store_中野店,0.0004193941830720308,RandomFores,y_weekend
store_大泉店,0.0004141952517961917,RandomFores,y_weekend
store_青梅店,0.0004132194969858608,RandomFores,y_weekend
store_八千代店,0.00040975566266372574,RandomFores,y_weekend
store_東松山店,0.0004068349541606979,RandomFores,y_weekend
store_鎌倉店,0.00040464861573302654,RandomFores,y_weekend
store_伊勢崎店,0.000400948884822019,RandomFores,y_weekend
store_海老名店,0.00039967327681578586,RandomFores,y_weekend
store_赤羽店,0.0003990612946312197,RandomFores,y_weekend
store_さいたま緑店,0.00039830739117636293,RandomFores,y_weekend
store_船橋店,0.0003951930402147517,RandomFores,y_weekend
store_前橋店,0.00039462571629205416,RandomFores,y_weekend
store_志木店,0.0003939558355009451,RandomFores,y_weekend
store_千葉緑店,0.0003913039877502959,RandomFores,y_weekend
store_赤坂店,0.00038904776613937265,RandomFores,y_weekend
store_松戸店,0.00038901886607988916,RandomFores,y_weekend
store_蒲田店,0.00038887970921711935,RandomFores,y_weekend
store_都筑店,0.00038680997860404844,RandomFores,y_weekend
store_高津店,0.00038305584050013795,RandomFores,y_weekend
store_品川店,0.0003807830003806494,RandomFores,y_weekend
store_高円寺店,0.00037876722181604455,RandomFores,y_weekend
store_谷中店,0.0003785980641250228,RandomFores,y_weekend
store_木更津店,0.00037820775867333404,RandomFores,y_weekend
store_厚木店,0.00037797842629975543,RandomFores,y_weekend
store_和光店,0.00037638381452841086,RandomFores,y_weekend
store_荒川店,0.0003730087931440431,RandomFores,y_weekend
store_佐野店,0.0003715585501631542,RandomFores,y_weekend
store_四街道店,0.0003681077288937799,RandomFores,y_weekend
store_横浜南店,0.0003669766210372381,RandomFores,y_weekend
store_大宮店,0.00036508465887603636,RandomFores,y_weekend
store_武蔵村山店,0.00036138812196159537,RandomFores,y_weekend
store_渋谷店,0.0003533145235773342,RandomFores,y_weekend
store_港南店,0.00035303095640904495,RandomFores,y_weekend
store_昭島店,0.0003506973123547856,RandomFores,y_weekend
store_太田店,0.0003497643525890807,RandomFores,y_weekend
store_江戸川店,0.00034712484477733536,RandomFores,y_weekend
store_池尻店,0.0003375066095408603,RandomFores,y_weekend
store_栄店,0.00033631217286595583,RandomFores,y_weekend
store_富岡店,0.0003358180744776445,RandomFores,y_weekend
store_杉並店,0.0003356860888561767,RandomFores,y_weekend
store_恵比寿店,0.00033296966847561516,RandomFores,y_weekend
store_小山店,0.00033283067064113274,RandomFores,y_weekend
store_桐生店,0.0003325875533735393,RandomFores,y_weekend
store_横浜緑店,0.0003312892651209232,RandomFores,y_weekend
store_練馬店,0.00033120500167218333,RandomFores,y_weekend
store_西多摩店,0.0003287139491496757,RandomFores,y_weekend
store_磯子店,0.00032849115741207885,RandomFores,y_weekend
store_市原店,0.00032628652515064943,RandomFores,y_weekend
store_横須賀店,0.0003241775980538536,RandomFores,y_weekend
store_流山店,0.0003219643254460691,RandomFores,y_weekend
store_高座店,0.0003186052300850059,RandomFores,y_weekend
store_南砂店,0.000318522313627852,RandomFores,y_weekend
store_高崎店,0.00031826735509039617,RandomFores,y_weekend
store_つくば店,0.00031715239435814056,RandomFores,y_weekend
store_西葛西店,0.0003170457402595949,RandomFores,y_weekend
store_調布店,0.00031009379093479693,RandomFores,y_weekend
store_日立店,0.0003074359915854281,RandomFores,y_weekend
store_青葉店,0.0003048557760353963,RandomFores,y_weekend
store_国分寺店,0.00030181851279209284,RandomFores,y_weekend
store_神奈川店,0.00030136532614855976,RandomFores,y_weekend
store_上野店,0.0003002158284419997,RandomFores,y_weekend
store_池袋店,0.00029734722639493594,RandomFores,y_weekend
store_栃木店,0.0002971693254018116,RandomFores,y_weekend
store_東久留米店,0.00029462251944072657,RandomFores,y_weekend
store_所沢店,0.00029264195087417725,RandomFores,y_weekend
store_川越店,0.00028705703661678427,RandomFores,y_weekend
store_王子店,0.0002826597015099048,RandomFores,y_weekend
store_茂原店,0.0002795011384524105,RandomFores,y_weekend
store_稲城店,0.0002779492200778779,RandomFores,y_weekend
store_保土ケ谷店,0.00026838266766350413,RandomFores,y_weekend
store_足利店,0.0002509352055998502,RandomFores,y_weekend
store_石神井店,0.0002506834745912153,RandomFores,y_weekend
store_東尾久店,0.00024800912644854526,RandomFores,y_weekend
store_坂戸店,0.00024230056365345354,RandomFores,y_weekend
store_市川店,0.0002400004578664663,RandomFores,y_weekend
store_我孫子店,0.00023987123500884255,RandomFores,y_weekend
store_駒込店,0.00023960588961146153,RandomFores,y_weekend
store_新座店,0.0002370151912953774,RandomFores,y_weekend
store_港北店,0.00023364878314706568,RandomFores,y_weekend
store_越谷店,0.00022372951178498506,RandomFores,y_weekend
store_三鷹店,0.00021232320912142614,RandomFores,y_weekend
store_宮前店,0.00019252177538980948,RandomFores,y_weekend
store_本郷店,0.00018736366169554825,RandomFores,y_weekend
store_荻窪店,0.00018065198180968736,RandomFores,y_weekend
store_秦野店,0.0001350208437335438,RandomFores,y_weekend
store_綾瀬店,3.343337301254836e-05,RandomFores,y_weekend
order_weekend,0.5001179119098169,GradientBoosting,y_weekend
order_weekday,0.395953485567324,GradientBoosting,y_weekend
delta_avg,0.010495782542572307,GradientBoosting,y_weekend
order_time_13,0.00831885101944463,GradientBoosting,y_weekend
order_time_16,0.007962662551661507,GradientBoosting,y_weekend
order_time_15,0.0075319169589148855,GradientBoosting,y_weekend
order_time_12,0.007261211913303479,GradientBoosting,y_weekend
order_time_11,0.006576467348970215,GradientBoosting,y_weekend
order_takeout,0.006033359710975261,GradientBoosting,y_weekend
order_time_19,0.005418833459675096,GradientBoosting,y_weekend
order_cancel,0.005010027710119078,GradientBoosting,y_weekend
order_time_14,0.004802357345442007,GradientBoosting,y_weekend
order_time_21,0.004613088887777188,GradientBoosting,y_weekend
order_time_17,0.0045345628897762134,GradientBoosting,y_weekend
order,0.004397302918441425,GradientBoosting,y_weekend
order_time_20,0.003853678017170302,GradientBoosting,y_weekend
order_time_18,0.002517912340715242,GradientBoosting,y_weekend
order_fin,0.002480134066888881,GradientBoosting,y_weekend
store_江東店,0.0012374680696058797,GradientBoosting,y_weekend
store_伊勢崎店,0.0007872327554184352,GradientBoosting,y_weekend
store_伊勢原店,0.0006698205721532128,GradientBoosting,y_weekend
store_春日部店,0.000645846550056704,GradientBoosting,y_weekend
store_あきる野店,0.0006105947219472018,GradientBoosting,y_weekend
store_墨田店,0.0005806987726142887,GradientBoosting,y_weekend
store_草加店,0.0005747055014118948,GradientBoosting,y_weekend
store_那珂店,0.0004997688262025522,GradientBoosting,y_weekend
store_逗子店,0.0004990410994349817,GradientBoosting,y_weekend
store_さいたま西店,0.0004940082420332816,GradientBoosting,y_weekend
store_相模原店,0.0004708500213427469,GradientBoosting,y_weekend
store_中原店,0.0004598996724376308,GradientBoosting,y_weekend
store_羽生店,0.00044830067275190285,GradientBoosting,y_weekend
store_幸店,0.00043488233238254704,GradientBoosting,y_weekend
order_delivery,0.0004173668961143782,GradientBoosting,y_weekend
store_久喜店,0.0004155513333587249,GradientBoosting,y_weekend
store_大森店,0.0003825541458038417,GradientBoosting,y_weekend
store_板橋店,0.00035702531768253237,GradientBoosting,y_weekend
store_自由が丘店,0.0003422489799973824,GradientBoosting,y_weekend
store_東大和店,0.00032576368988589057,GradientBoosting,y_weekend
store_大宮店,0.00032568622337865645,GradientBoosting,y_weekend
store_座間店,0.0002868302464429118,GradientBoosting,y_weekend
store_越谷店,0.0002703741538705657,GradientBoosting,y_weekend
store_石神井店,0.000194340820610788,GradientBoosting,y_weekend
store_多摩店,0.00013623426254576128,GradientBoosting,y_weekend
store_西東京店,0.0001337085731697905,GradientBoosting,y_weekend
store_目黒店,0.00011899048271212537,GradientBoosting,y_weekend
store_西多摩店,3.782142325681066e-07,GradientBoosting,y_weekend
store_栄店,2.816914122089651e-07,GradientBoosting,y_weekend
store_瀬谷店,0.0,GradientBoosting,y_weekend
store_高崎店,0.0,GradientBoosting,y_weekend
store_熊谷店,0.0,GradientBoosting,y_weekend
store_狛江店,0.0,GradientBoosting,y_weekend
store_港北店,0.0,GradientBoosting,y_weekend
store_狭山店,0.0,GradientBoosting,y_weekend
store_王子店,0.0,GradientBoosting,y_weekend
store_町田店,0.0,GradientBoosting,y_weekend
store_白井店,0.0,GradientBoosting,y_weekend
store_港南店,0.0,GradientBoosting,y_weekend
store_浦安店,0.0,GradientBoosting,y_weekend
store_渋谷店,0.0,GradientBoosting,y_weekend
store_清瀬店,0.0,GradientBoosting,y_weekend
store_栃木店,0.0,GradientBoosting,y_weekend
store_桐生店,0.0,GradientBoosting,y_weekend
store_横浜南店,0.0,GradientBoosting,y_weekend
store_横浜緑店,0.0,GradientBoosting,y_weekend
store_横須賀店,0.0,GradientBoosting,y_weekend
store_武蔵村山店,0.0,GradientBoosting,y_weekend
store_武蔵野店,0.0,GradientBoosting,y_weekend
store_水戸店,0.0,GradientBoosting,y_weekend
store_江戸川店,0.0,GradientBoosting,y_weekend
store_鴻巣店,0.0,GradientBoosting,y_weekend
store_池尻店,0.0,GradientBoosting,y_weekend
store_高田馬場店,0.0,GradientBoosting,y_weekend
store_池袋店,0.0,GradientBoosting,y_weekend
store_泉店,0.0,GradientBoosting,y_weekend
store_流山店,0.0,GradientBoosting,y_weekend
store_浅草店,0.0,GradientBoosting,y_weekend
store_浦和店,0.0,GradientBoosting,y_weekend
store_神奈川店,0.0,GradientBoosting,y_weekend
store_海老名店,0.0,GradientBoosting,y_weekend
store_磯子店,0.0,GradientBoosting,y_weekend
store_羽村店,0.0,GradientBoosting,y_weekend
store_神田店,0.0,GradientBoosting,y_weekend
store_谷中店,0.0,GradientBoosting,y_weekend
store_赤羽店,0.0,GradientBoosting,y_weekend
store_足利店,0.0,GradientBoosting,y_weekend
store_足柄上店,0.0,GradientBoosting,y_weekend
store_足立店,0.0,GradientBoosting,y_weekend
store_都筑店,0.0,GradientBoosting,y_weekend
store_金沢店,0.0,GradientBoosting,y_weekend
store_銀座店,0.0,GradientBoosting,y_weekend
store_高津店,0.0,GradientBoosting,y_weekend
store_高座店,0.0,GradientBoosting,y_weekend
store_鎌倉店,0.0,GradientBoosting,y_weekend
store_青山店,0.0,GradientBoosting,y_weekend
store_青梅店,0.0,GradientBoosting,y_weekend
store_青葉店,0.0,GradientBoosting,y_weekend
store_館林店,0.0,GradientBoosting,y_weekend
store_駒沢店,0.0,GradientBoosting,y_weekend
store_駒込店,0.0,GradientBoosting,y_weekend
store_高円寺店,0.0,GradientBoosting,y_weekend
store_赤坂店,0.0,GradientBoosting,y_weekend
store_調布店,0.0,GradientBoosting,y_weekend
store_福生店,0.0,GradientBoosting,y_weekend
store_西葛西店,0.0,GradientBoosting,y_weekend
store_秦野店,0.0,GradientBoosting,y_weekend
store_稲城店,0.0,GradientBoosting,y_weekend
store_立川店,0.0,GradientBoosting,y_weekend
store_綾瀬店,0.0,GradientBoosting,y_weekend
store_練馬店,0.0,GradientBoosting,y_weekend
store_高島平店,0.0,GradientBoosting,y_weekend
store_習志野店,0.0,GradientBoosting,y_weekend
store_船橋店,0.0,GradientBoosting,y_weekend
store_若葉店,0.0,GradientBoosting,y_weekend
store_茂原店,0.0,GradientBoosting,y_weekend
store_茅ヶ崎店,0.0,GradientBoosting,y_weekend
store_荒川店,0.0,GradientBoosting,y_weekend
store_荻窪店,0.0,GradientBoosting,y_weekend
store_葛飾店,0.0,GradientBoosting,y_weekend
store_蒲田店,0.0,GradientBoosting,y_weekend
store_藤沢店,0.0,GradientBoosting,y_weekend
store_行田店,0.0,GradientBoosting,y_weekend
store_柏店,0.0,GradientBoosting,y_weekend
store_日本橋店,0.0,GradientBoosting,y_weekend
store_松戸店,0.0,GradientBoosting,y_weekend
store_六本木店,0.0,GradientBoosting,y_weekend
store_北千住店,0.0,GradientBoosting,y_weekend
store_千葉中央店,0.0,GradientBoosting,y_weekend
store_千葉緑店,0.0,GradientBoosting,y_weekend
store_南砂店,0.0,GradientBoosting,y_weekend
store_南足柄店,0.0,GradientBoosting,y_weekend
store_厚木店,0.0,GradientBoosting,y_weekend
store_取手店,0.0,GradientBoosting,y_weekend
store_向島店,0.0,GradientBoosting,y_weekend
store_君津店,0.0,GradientBoosting,y_weekend
store_和光店,0.0,GradientBoosting,y_weekend
store_品川店,0.0,GradientBoosting,y_weekend
store_四街道店,0.0,GradientBoosting,y_weekend
store_国分寺店,0.0,GradientBoosting,y_weekend
store_国立店,0.0,GradientBoosting,y_weekend
store_坂戸店,0.0,GradientBoosting,y_weekend
store_大久保店,0.0,GradientBoosting,y_weekend
store_大井店,0.0,GradientBoosting,y_weekend
store_大和店,0.0,GradientBoosting,y_weekend
store_大塚店,0.0,GradientBoosting,y_weekend
store_前橋店,0.0,GradientBoosting,y_weekend
store_八王子店,0.0,GradientBoosting,y_weekend
store_東松山店,0.0,GradientBoosting,y_weekend
store_八潮店,0.0,GradientBoosting,y_weekend
store_さいたま南店,0.0,GradientBoosting,y_weekend
store_さいたま緑店,0.0,GradientBoosting,y_weekend
store_つくば店,0.0,GradientBoosting,y_weekend
store_三浦店,0.0,GradientBoosting,y_weekend
store_三鷹店,0.0,GradientBoosting,y_weekend
store_上尾店,0.0,GradientBoosting,y_weekend
store_上野店,0.0,GradientBoosting,y_weekend
store_世田谷店,0.0,GradientBoosting,y_weekend
store_中店,0.0,GradientBoosting,y_weekend
store_中野店,0.0,GradientBoosting,y_weekend
store_九段店,0.0,GradientBoosting,y_weekend
store_亀有店,0.0,GradientBoosting,y_weekend
store_五反田店,0.0,GradientBoosting,y_weekend
store_代々木店,0.0,GradientBoosting,y_weekend
store_佐倉店,0.0,GradientBoosting,y_weekend
store_佐野店,0.0,GradientBoosting,y_weekend
store_保土ケ谷店,0.0,GradientBoosting,y_weekend
store_入間店,0.0,GradientBoosting,y_weekend
store_八千代店,0.0,GradientBoosting,y_weekend
store_大泉店,0.0,GradientBoosting,y_weekend
store_大田店,0.0,GradientBoosting,y_weekend
store_太田店,0.0,GradientBoosting,y_weekend
store_宇都宮店,0.0,GradientBoosting,y_weekend
store_成田店,0.0,GradientBoosting,y_weekend
store_我孫子店,0.0,GradientBoosting,y_weekend
store_戸塚店,0.0,GradientBoosting,y_weekend
store_戸田店,0.0,GradientBoosting,y_weekend
store_所沢店,0.0,GradientBoosting,y_weekend
store_新宿店,0.0,GradientBoosting,y_weekend
store_新座店,0.0,GradientBoosting,y_weekend
store_日立店,0.0,GradientBoosting,y_weekend
store_日野店,0.0,GradientBoosting,y_weekend
store_旭店,0.0,GradientBoosting,y_weekend
store_昭島店,0.0,GradientBoosting,y_weekend
store_木更津店,0.0,GradientBoosting,y_weekend
store_本庄店,0.0,GradientBoosting,y_weekend
store_本郷店,0.0,GradientBoosting,y_weekend
store_杉並店,0.0,GradientBoosting,y_weekend
store_東中野店,0.0,GradientBoosting,y_weekend
store_東久留米店,0.0,GradientBoosting,y_weekend
store_東尾久店,0.0,GradientBoosting,y_weekend
store_東村山店,0.0,GradientBoosting,y_weekend
store_成城店,0.0,GradientBoosting,y_weekend
store_愛甲店,0.0,GradientBoosting,y_weekend
store_恵比寿店,0.0,GradientBoosting,y_weekend
store_小金井店,0.0,GradientBoosting,y_weekend
store_守谷店,0.0,GradientBoosting,y_weekend
store_宮前店,0.0,GradientBoosting,y_weekend
store_富岡店,0.0,GradientBoosting,y_weekend
store_富津店,0.0,GradientBoosting,y_weekend
store_富里店,0.0,GradientBoosting,y_weekend
store_小山店,0.0,GradientBoosting,y_weekend
store_小平店,0.0,GradientBoosting,y_weekend
store_小田原店,0.0,GradientBoosting,y_weekend
store_川口店,0.0,GradientBoosting,y_weekend
store_志木店,0.0,GradientBoosting,y_weekend
store_川崎多摩店,0.0,GradientBoosting,y_weekend
store_川崎店,0.0,GradientBoosting,y_weekend
store_川越店,0.0,GradientBoosting,y_weekend
store_巣鴨店,0.0,GradientBoosting,y_weekend
store_市原店,0.0,GradientBoosting,y_weekend
store_市川店,0.0,GradientBoosting,y_weekend
store_平塚店,0.0,GradientBoosting,y_weekend
store_府中店,0.0,GradientBoosting,y_weekend
store_鶴見店,0.0,GradientBoosting,y_weekend
